{
  "Version": 1,
  "ManifestType": "Publish",
  "Endpoints": [
    {
      "Route": "uploads/DewaPermana.10nee17odq.jpg",
      "AssetFile": "uploads/DewaPermana.jpg",
      "Selectors": [],
      "ResponseHeaders": [
        {
          "Name": "Accept-Ranges",
          "Value": "bytes"
        },
        {
          "Name": "Cache-Control",
          "Value": "max-age=31536000, immutable"
        },
        {
          "Name": "Content-Length",
          "Value": "2422917"
        },
        {
          "Name": "Content-Type",
          "Value": "image/jpeg"
        },
        {
          "Name": "ETag",
          "Value": "\"8U3wUbr8nsEZo8rjT2czqJbvpCe3AVeYCGBIzq+yMcA=\""
        },
        {
          "Name": "Last-Modified",
          "Value": "Tue, 11 Feb 2025 06:49:11 GMT"
        }
      ],
      "EndpointProperties": [
        {
          "Name": "fingerprint",
          "Value": "10nee17odq"
        },
        {
          "Name": "integrity",
          "Value": "sha256-8U3wUbr8nsEZo8rjT2czqJbvpCe3AVeYCGBIzq+yMcA="
        },
        {
          "Name": "label",
          "Value": "uploads/DewaPermana.jpg"
        }
      ]
    },
    {
      "Route": "uploads/DewaPermana.jpg",
      "AssetFile": "uploads/DewaPermana.jpg",
      "Selectors": [],
      "ResponseHeaders": [
        {
          "Name": "Accept-Ranges",
          "Value": "bytes"
        },
        {
          "Name": "Cache-Control",
          "Value": "max-age=3600, must-revalidate"
        },
        {
          "Name": "Content-Length",
          "Value": "2422917"
        },
        {
          "Name": "Content-Type",
          "Value": "image/jpeg"
        },
        {
          "Name": "ETag",
          "Value": "\"8U3wUbr8nsEZo8rjT2czqJbvpCe3AVeYCGBIzq+yMcA=\""
        },
        {
          "Name": "Last-Modified",
          "Value": "Tue, 11 Feb 2025 06:49:11 GMT"
        }
      ],
      "EndpointProperties": [
        {
          "Name": "integrity",
          "Value": "sha256-8U3wUbr8nsEZo8rjT2czqJbvpCe3AVeYCGBIzq+yMcA="
        }
      ]
    },
    {
      "Route": "uploads/xddx.6wa2jjfgy4.png",
      "AssetFile": "uploads/xddx.png",
      "Selectors": [],
      "ResponseHeaders": [
        {
          "Name": "Accept-Ranges",
          "Value": "bytes"
        },
        {
          "Name": "Cache-Control",
          "Value": "max-age=31536000, immutable"
        },
        {
          "Name": "Content-Length",
          "Value": "7910"
        },
        {
          "Name": "Content-Type",
          "Value": "image/png"
        },
        {
          "Name": "ETag",
          "Value": "\"Wk0VAdXgVaqMITi2RZQNmZI5S1OrT+nC2XNiJeLyRQI=\""
        },
        {
          "Name": "Last-Modified",
          "Value": "Tue, 11 Feb 2025 06:47:46 GMT"
        }
      ],
      "EndpointProperties": [
        {
          "Name": "fingerprint",
          "Value": "6wa2jjfgy4"
        },
        {
          "Name": "integrity",
          "Value": "sha256-Wk0VAdXgVaqMITi2RZQNmZI5S1OrT+nC2XNiJeLyRQI="
        },
        {
          "Name": "label",
          "Value": "uploads/xddx.png"
        }
      ]
    },
    {
      "Route": "uploads/xddx.png",
      "AssetFile": "uploads/xddx.png",
      "Selectors": [],
      "ResponseHeaders": [
        {
          "Name": "Accept-Ranges",
          "Value": "bytes"
        },
        {
          "Name": "Cache-Control",
          "Value": "max-age=3600, must-revalidate"
        },
        {
          "Name": "Content-Length",
          "Value": "7910"
        },
        {
          "Name": "Content-Type",
          "Value": "image/png"
        },
        {
          "Name": "ETag",
          "Value": "\"Wk0VAdXgVaqMITi2RZQNmZI5S1OrT+nC2XNiJeLyRQI=\""
        },
        {
          "Name": "Last-Modified",
          "Value": "Tue, 11 Feb 2025 06:47:46 GMT"
        }
      ],
      "EndpointProperties": [
        {
          "Name": "integrity",
          "Value": "sha256-Wk0VAdXgVaqMITi2RZQNmZI5S1OrT+nC2XNiJeLyRQI="
        }
      ]
    },
    {
      "Route": "uploads/xddxee.6wa2jjfgy4.png",
      "AssetFile": "uploads/xddxee.png",
      "Selectors": [],
      "ResponseHeaders": [
        {
          "Name": "Accept-Ranges",
          "Value": "bytes"
        },
        {
          "Name": "Cache-Control",
          "Value": "max-age=31536000, immutable"
        },
        {
          "Name": "Content-Length",
          "Value": "7910"
        },
        {
          "Name": "Content-Type",
          "Value": "image/png"
        },
        {
          "Name": "ETag",
          "Value": "\"Wk0VAdXgVaqMITi2RZQNmZI5S1OrT+nC2XNiJeLyRQI=\""
        },
        {
          "Name": "Last-Modified",
          "Value": "Tue, 11 Feb 2025 06:48:07 GMT"
        }
      ],
      "EndpointProperties": [
        {
          "Name": "fingerprint",
          "Value": "6wa2jjfgy4"
        },
        {
          "Name": "integrity",
          "Value": "sha256-Wk0VAdXgVaqMITi2RZQNmZI5S1OrT+nC2XNiJeLyRQI="
        },
        {
          "Name": "label",
          "Value": "uploads/xddxee.png"
        }
      ]
    },
    {
      "Route": "uploads/xddxee.png",
      "AssetFile": "uploads/xddxee.png",
      "Selectors": [],
      "ResponseHeaders": [
        {
          "Name": "Accept-Ranges",
          "Value": "bytes"
        },
        {
          "Name": "Cache-Control",
          "Value": "max-age=3600, must-revalidate"
        },
        {
          "Name": "Content-Length",
          "Value": "7910"
        },
        {
          "Name": "Content-Type",
          "Value": "image/png"
        },
        {
          "Name": "ETag",
          "Value": "\"Wk0VAdXgVaqMITi2RZQNmZI5S1OrT+nC2XNiJeLyRQI=\""
        },
        {
          "Name": "Last-Modified",
          "Value": "Tue, 11 Feb 2025 06:48:07 GMT"
        }
      ],
      "EndpointProperties": [
        {
          "Name": "integrity",
          "Value": "sha256-Wk0VAdXgVaqMITi2RZQNmZI5S1OrT+nC2XNiJeLyRQI="
        }
      ]
    }
  ]
}